{
    "name": "DooshTheme",
    "type": "dark",
    "semanticHighlighting": true,
    "colors": {
        "foreground": "#abb2bf",
        "focusBorder": "#3f4657",
        "selection.background": "#1f66a5",
        "scrollbar.shadow": "#23252c",
        "activityBar.foreground": "#d7dae0",
        "activityBar.background": "#2e3236",
        "activityBar.inactiveForeground": "#ffffff66",
        "activityBarBadge.foreground": "#f8fafd",
        "activityBarBadge.background": "#678dd4",
        "activityBar.activeBackground": "#46576232",
        "sideBar.background": "#262931",
        "sideBar.foreground": "#abb2bf",
        "sideBarSectionHeader.background": "#2b2f38",
        "sideBarSectionHeader.foreground": "#abb2bf",
        "sideBarSectionHeader.border": "#cccccc33",
        "sideBarTitle.foreground": "#777f8e",
        "sideBar.border": "#ff000000",
        "list.inactiveSelectionBackground": "#323842",
        "list.inactiveSelectionForeground": "#d7dae0",
        "list.hoverBackground": "#2c313a",
        "list.hoverForeground": "#ffffff",
        "list.activeSelectionBackground": "#3a414d",
        "list.activeSelectionForeground": "#a7adba",
        "tree.indentGuidesStroke": "#606368",
        "list.dropBackground": "#21252c",
        "list.highlightForeground": "#72a9ff",
        "list.focusBackground": "#323842",
        "list.focusForeground": "#ffffff",
        "listFilterWidget.background": "#253a5c",
        "listFilterWidget.outline": "#334673",
        "listFilterWidget.noMatchesOutline": "#7cceff",
        "statusBar.foreground": "#9da5b4",
        "statusBar.background": "#21262c",
        "statusBarItem.hoverBackground": "#ffffff20",
        "statusBar.border": "#ff000000",
        "statusBar.debuggingBackground": "#3a4e5e",
        "statusBar.debuggingForeground": "#9db4ac",
        "statusBar.debuggingBorder": "#ff000000",
        "statusBar.noFolderBackground": "#21262c",
        "statusBar.noFolderForeground": "#9da5b4",
        "statusBar.noFolderBorder": "#ff000000",
        "statusBarItem.remoteBackground": "#1b1f24",
        "statusBarItem.remoteForeground": "#484d56",
        "titleBar.activeBackground": "#282c34",
        "titleBar.activeForeground": "#9da5b4",
        "titleBar.inactiveBackground": "#21262c",
        "titleBar.inactiveForeground": "#6b717d",
        "titleBar.border": "#00000000",
        "menubar.selectionForeground": "#ffffff",
        "menubar.selectionBackground": "#ffffff14",
        "menubar.selectionBorder": "#ff000000",
        "menu.foreground": "#abb2bf",
        "menu.background": "#21262c",
        "menu.selectionForeground": "#ffffff",
        "menu.selectionBackground": "#2c313a",
        "menu.selectionBorder": "#00000000",
        "menu.separatorBackground": "#343a45",
        "menu.border": "#00000000",
        "button.background": "#30343d",
        "button.foreground": "#abb2bf",
        "button.hoverBackground": "#373d47",
        "button.secondaryForeground": "#6f7888",
        "button.secondaryBackground": "#2c303b",
        "button.secondaryHoverBackground": "#353a43",
        "input.background": "#21242b",
        "input.border": "#00000000",
        "input.foreground": "#abb2bf",
        "inputOption.activeBackground": "#abb2bf3c",
        "inputOption.activeBorder": "#5e7d9200",
        "inputOption.activeForeground": "#abb2bf",
        "input.placeholderForeground": "#abb2bf",
        "textLink.foreground": "#5EB3FF",
        "editor.background": "#282c34",
        "editor.foreground": "#abb2bf",
        "editorLineNumber.foreground": "#495162",
        "editorCursor.foreground": "#528bff",
        "editorCursor.background": "#ffffffc9",
        "editor.selectionBackground": "#67769660",
        "editor.inactiveSelectionBackground": "#4a505e60",
        "editorWhitespace.foreground": "#565d68",
        "editor.selectionHighlightBackground": "#ffffff10",
        "editor.selectionHighlightBorder": "#ffffff40",
        "editor.findMatchBackground": "#42557b",
        "editor.findMatchBorder": "#457dff",
        "editor.findMatchHighlightBackground": "#6199ff2f",
        "editor.findMatchHighlightBorder": "#ffffff00",
        "editor.findRangeHighlightBackground": "#35384766",
        "editor.findRangeHighlightBorder": "#ffffff00",
        "editor.rangeHighlightBackground": "#ffffff0b",
        "editor.rangeHighlightBorder": "#ffffff00",
        "editor.hoverHighlightBackground": "#264f7840",
        "editor.wordHighlightStrongBackground": "#a886ee26",
        "editor.wordHighlightStrongBorder": "#a886ee26",
        "editor.wordHighlightBackground": "#75e6e02f",
        "editor.wordHighlightBorder": "#75e6e02f",
        "editor.lineHighlightBackground": "#2c313c",
        "editor.lineHighlightBorder": "#28282800",
        "editorLineNumber.activeForeground": "#abb2bf",
        "editorLink.activeForeground": "#4e94ce",
        "editorIndentGuide.background1": "#3b4048",
        "editorIndentGuide.activeBackground1": "#c8c8c859",
        "editorRuler.foreground": "#abb2bf0a",
        "editorBracketMatch.background": "#ffffff20",
        "editorBracketMatch.border": "#ffffff60",
        "editor.foldBackground": "#3744544d",
        "editorOverviewRuler.background": "#282C34",
        "editorOverviewRuler.border": "#282C34",
        "editorError.foreground": "#ff4835",
        "editorError.background": "#B73A3400",
        "editorError.border": "#ffffff00",
        "editorWarning.foreground": "#e9d785",
        "editorWarning.background": "#A9904000",
        "editorWarning.border": "#ffffff00",
        "editorInfo.foreground": "#75d3ff",
        "editorInfo.background": "#4490BF00",
        "editorInfo.border": "#4490BF00",
        "editorGutter.background": "#1e1e1e00",
        "editorGutter.modifiedBackground": "#a79f7a",
        "editorGutter.addedBackground": "#618c78",
        "editorGutter.deletedBackground": "#a7646a",
        "editorGutter.foldingControlForeground": "#80899f",
        "editorCodeLens.foreground": "#505f6d",
        "editorGroup.border": "#181a1f",
        "diffEditor.insertedTextBackground": "#bce6af25",
        "diffEditor.insertedTextBorder": "#ffffff00",
        "diffEditor.removedTextBackground": "#e2a5a525",
        "diffEditor.border": "#181a1f",
        "panel.background": "#282c34",
        "panel.border": "#80808059",
        "panelTitle.activeBorder": "#ffffff",
        "panelTitle.activeForeground": "#ffffff",
        "panelTitle.inactiveForeground": "#e7e7e799",
        "badge.background": "#393f4d",
        "badge.foreground": "#ffffff",
        "terminal.foreground": "#abb2bf",
        "terminal.selectionBackground": "#abb2bf30",
        "terminalCursor.background": "#000000",
        "terminalCursor.foreground": "#ffffff",
        "terminal.border": "#80808059",
        "terminal.ansiBlack": "#42454f",
        "terminal.ansiBlue": "#2377bc",
        "terminal.ansiBrightBlack": "#636d82",
        "terminal.ansiBrightBlue": "#78caf2",
        "terminal.ansiBrightCyan": "#6abec7",
        "terminal.ansiBrightGreen": "#b9f08c",
        "terminal.ansiBrightMagenta": "#cd7be6",
        "terminal.ansiBrightRed": "#ee7781",
        "terminal.ansiBrightWhite": "#ffffff",
        "terminal.ansiBrightYellow": "#fbff84",
        "terminal.ansiCyan": "#0e99a7",
        "terminal.ansiGreen": "#5dba1a",
        "terminal.ansiMagenta": "#9f2bc2",
        "terminal.ansiRed": "#c7202e",
        "terminal.ansiWhite": "#ccebeb",
        "terminal.ansiYellow": "#cbc815",
        "breadcrumb.background": "#282c34",
        "breadcrumb.foreground": "#9da5b4",
        "breadcrumb.focusForeground": "#dcdcdc",
        "editorGroupHeader.border": "#ffffff00",
        "editorGroupHeader.tabsBackground": "#21262c00",
        "tab.activeForeground": "#dcdcdc",
        "tab.border": "#33373f00",
        "tab.activeBackground": "#282c34",
        "tab.activeBorder": "#00000000",
        "tab.activeBorderTop": "#3e4556",
        "tab.inactiveBackground": "#21262c",
        "tab.inactiveForeground": "#ffffff80",
        "tab.hoverBackground": "#323842",
        "scrollbarSlider.background": "#4e566660",
        "scrollbarSlider.hoverBackground": "#5a637580",
        "scrollbarSlider.activeBackground": "#747d9180",
        "progressBar.background": "#597084",
        "widget.shadow": "#0000005c",
        "editorWidget.foreground": "#abb2bf",
        "editorWidget.background": "#21262c",
        "editorWidget.resizeBorder": "#5F5F5F",
        "pickerGroup.border": "#323a43",
        "pickerGroup.foreground": "#72a9ff",
        "debugToolBar.background": "#21262c",
        "debugToolBar.border": "#323a43",
        "notifications.foreground": "#abb2bf",
        "notifications.background": "#21262c",
        "notificationToast.border": "#323a43",
        "notificationsErrorIcon.foreground": "#f58275",
        "notificationsWarningIcon.foreground": "#eee1a5",
        "notificationsInfoIcon.foreground": "#a0e1ff",
        "notificationCenter.border": "#323a43",
        "notificationCenterHeader.foreground": "#d7dae0",
        "notificationCenterHeader.background": "#252b32",
        "notifications.border": "#323a43",
        "gitDecoration.addedResourceForeground": "#81b88b",
        "gitDecoration.conflictingResourceForeground": "#6c6cc4",
        "gitDecoration.deletedResourceForeground": "#c74e39",
        "gitDecoration.ignoredResourceForeground": "#6b6f80",
        "gitDecoration.modifiedResourceForeground": "#e2c08d",
        "gitDecoration.stageDeletedResourceForeground": "#c74e39",
        "gitDecoration.stageModifiedResourceForeground": "#e2c08d",
        "gitDecoration.submoduleResourceForeground": "#8db9e2",
        "gitDecoration.untrackedResourceForeground": "#73c991",
        "editorMarkerNavigation.background": "#21262c",
        "editorMarkerNavigationError.background": "#ff4835",
        "editorMarkerNavigationWarning.background": "#e9d785",
        "editorMarkerNavigationInfo.background": "#75d3ff",
        "merge.currentHeaderBackground": "#2f638a",
        "merge.currentContentBackground": "#417eab",
        "merge.incomingHeaderBackground": "#39578f",
        "merge.incomingContentBackground": "#5170ab",
        "merge.commonHeaderBackground": "#2f3a47",
        "merge.commonContentBackground": "#384656",
        "editorSuggestWidget.background": "#21262c",
        "editorSuggestWidget.border": "#181a1f00",
        "editorSuggestWidget.foreground": "#d4d4d4",
        "editorSuggestWidget.highlightForeground": "#72a9ff",
        "editorSuggestWidget.selectedBackground": "#2c313a",
        "editorHoverWidget.foreground": "#cccccc",
        "editorHoverWidget.background": "#21262c",
        "editorHoverWidget.border": "#45454500",
        "peekView.border": "#007acc00",
        "peekViewEditor.background": "#1b1d23",
        "peekViewEditorGutter.background": "#1b1d2300",
        "peekViewEditor.matchHighlightBackground": "#42557b",
        "peekViewEditor.matchHighlightBorder": "#457dff",
        "peekViewResult.background": "#262931",
        "peekViewResult.fileForeground": "#abb2bf",
        "peekViewResult.lineForeground": "#80899f",
        "peekViewResult.matchHighlightBackground": "#404754",
        "peekViewResult.selectionBackground": "#2c313a",
        "peekViewResult.selectionForeground": "#ffffff",
        "peekViewTitle.background": "#1f2128",
        "peekViewTitleDescription.foreground": "#798184",
        "peekViewTitleLabel.foreground": "#dcdcdc",
        "icon.foreground": "#abb2bf",
        "checkbox.background": "#21242b",
        "checkbox.foreground": "#abb2bf",
        "checkbox.border": "#00000000",
        "dropdown.background": "#21242b",
        "dropdown.foreground": "#abb2bf",
        "dropdown.border": "#00000000",
        "minimapGutter.addedBackground": "#618c78",
        "minimapGutter.modifiedBackground": "#a79f7a",
        "minimapGutter.deletedBackground": "#a7646a",
        "minimap.findMatchHighlight": "#42557b",
        "minimap.selectionHighlight": "#67769660",
        "minimap.errorHighlight": "#ff4835",
        "minimap.warningHighlight": "#e9d785",
        "minimap.background": "#282c34",
        "sideBar.dropBackground": "#21252c",
        "editorGroup.emptyBackground": "#282c34",
        "panelSection.border": "#80808059",
        "statusBarItem.activeBackground": "#ffffff25",
        "settings.headerForeground": "#abb2bf",
        "settings.focusedRowBackground": "#ffffff07",
        "walkThrough.embeddedEditorBackground": "#00000050",
        "breadcrumb.activeSelectionForeground": "#dcdcdc",
        "editorGutter.commentRangeForeground": "#80899f",
        "debugExceptionWidget.background": "#21262c",
        "debugExceptionWidget.border": "#323a43"
    },
    "tokenColors": [
        {
            "name": "Global settings",
            "settings": {
                "foreground": "#bfc7d5"
            }
        },
        {
            "name": "Comment",
            "scope": "comment",
            "settings": {
                "foreground": "#7f848e",
                "fontStyle": "italic"
            }
        },
        {
            "name": "Documentation Comment",
            "scope": "comment.block.documentation",
            "settings": {
                "foreground": "#94b984"
            }
        },
        {
            "name": "String",
            "scope": "string",
            "settings": {
                "foreground": "#C3E88D"
            }
        },
        {
            "name": "String Quoted",
            "scope": "string.quoted",
            "settings": {
                "foreground": "#C3E88D"
            }
        },
        {
            "name": "String Unquoted",
            "scope": "string.unquoted",
            "settings": {
                "foreground": "#bfc7d5"
            }
        },
        {
            "name": "Support Constant Math",
            "scope": "support.constant.math",
            "settings": {
                "foreground": "#ffcb6b"
            }
        },
        {
            "name": "Number",
            "scope": ["constant.numeric", "constant.character.numeric"],
            "settings": {
                "foreground": "#F78C6C"
            }
        },
        {
            "name": "Built-in constant",
            "scope": [
                "constant.language",
                "punctuation.definition.constant",
                "variable.other.constant"
            ],
            "settings": {
                "foreground": "#82AAFF"
            }
        },
        {
            "name": "User-defined constant",
            "scope": ["constant.character", "constant.other"],
            "settings": {
                "foreground": "#82AAFF"
            }
        },
        {
            "name": "Constant Character Escape",
            "scope": "constant.character.escape",
            "settings": {
                "foreground": "#F78C6C"
            }
        },
        {
            "name": "RegExp String",
            "scope": ["string.regexp", "string.regexp keyword.other"],
            "settings": {
                "foreground": "#80CBC4"
            }
        },
        {
            "name": "Comma in functions",
            "scope": "meta.function punctuation.separator.comma",
            "settings": {
                "foreground": "#eeffff"
            }
        },
        {
            "name": "Arithmetic",
            "scope": [
                "keyword.operator.arithmetic",
                "keyword.operator.ternary"
            ],
            "settings": {
                "foreground": "#e0c5f1"
            }
        },
        {
            "name": "Variable",
            "scope": "variable",
            "settings": {
                "foreground": "#ffcb6b"
            }
        },
        {
            "name": "Keyword",
            "scope": ["keyword"],
            "settings": {
                "foreground": "#c792ea"
            }
        },
        {
            "name": "Storage",
            "scope": [
                "storage",
                "storage.type",
                "meta.var.expr storage.type",
                "storage.type.property.js",
                "storage.type.property.ts",
                "storage.type.property.tsx",
                "meta.class meta.method.declaration meta.var.expr storage.type.js",
                "meta.class meta.method.declaration meta.var.expr storage.type.ts"
            ],
            "settings": {
                "foreground": "#c792ea",
                "fontStyle": "italic"
            }
        },
        {
            "name": "Class name",
            "scope": ["entity.name.class", "meta.class entity.name.type.class"],
            "settings": {
                "foreground": "#ffcb6b"
            }
        },
        {
            "name": "Inherited class",
            "scope": "entity.other.inherited-class",
            "settings": {
                "foreground": "#a9c77d"
            }
        },
        {
            "name": "Function name",
            "scope": "entity.name.function",
            "settings": {
                "foreground": "#ffde82"
            }
        },
        {
            "name": "Function Parameters",
            "scope": "variable.parameter",
            "settings": {
                "foreground": "#7291f7"
            }
        },
        {
            "name": "Meta Tag",
            "scope": ["punctuation.definition.tag", "meta.tag"],
            "settings": {
                "foreground": "#89DDFF"
            }
        },
        {
            "name": "HTML Tag names",
            "scope": [
                "entity.name.tag support.class.component",
                "meta.tag.other.html",
                "meta.tag.other.js",
                "meta.tag.other.ts",
                "meta.tag.other.tsx",
                "entity.name.tag.tsx",
                "entity.name.tag.js",
                "entity.name.tag.ts",
                "entity.name.tag",
                "meta.tag.js",
                "meta.tag.ts",
                "meta.tag.tsx",
                "meta.tag.html"
            ],
            "settings": {
                "foreground": "#ff5572"
            }
        },
        {
            "name": "Tag attribute",
            "scope": "entity.other.attribute-name",
            "settings": {
                "foreground": "#ffcb6b"
            }
        },
        {
            "name": "Entity Name Tag Custom",
            "scope": "entity.name.tag.custom",
            "settings": {
                "foreground": "#ffcb6b"
            }
        },
        {
            "name": "Library (function & constant)",
            "scope": ["support.function", "support.constant"],
            "settings": {
                "foreground": "#82AAFF"
            }
        },
        {
            "name": "Support Constant Property Value meta",
            "scope": "support.constant.meta.property-value",
            "settings": {
                "foreground": "#89DDFF"
            }
        },
        {
            "name": "Library class/type",
            "scope": ["support.type", "support.class"],
            "settings": {
                "foreground": "#ffcb6b"
            }
        },
        {
            "name": "Support Variable DOM",
            "scope": "support.variable.dom",
            "settings": {
                "foreground": "#ffcb6b"
            }
        },
        {
            "name": "Invalid",
            "scope": "invalid",
            "settings": {
                "background": "#ff2c83",
                "foreground": "#ffffff"
            }
        },
        {
            "name": "Invalid deprecated",
            "scope": "invalid.deprecated",
            "settings": {
                "foreground": "#ffffff",
                "background": "#d3423e"
            }
        },
        {
            "name": "Keyword Operator Relational",
            "scope": "keyword.operator.relational",
            "settings": {
                "foreground": "#e0c5f1"
            }
        },
        {
            "name": "Keyword Operator Assignment",
            "scope": "keyword.operator.assignment",
            "settings": {
                "foreground": "#e0c5f1"
            }
        },
        {
            "name": "Double-Slashed Comment",
            "scope": "comment.line.double-slash",
            "settings": {
                "foreground": "#697098"
            }
        },
        {
            "name": "Object",
            "scope": "object",
            "settings": {
                "foreground": "#cdebf7"
            }
        },
        {
            "name": "Null",
            "scope": "constant.language.null",
            "settings": {
                "foreground": "#ff5874"
            }
        },
        {
            "name": "Meta Brace",
            "scope": "meta.brace",
            "settings": {
                "foreground": "#bfc7d5"
            }
        },
        {
            "name": "Meta Delimiter Period",
            "scope": "meta.delimiter.period",
            "settings": {
                "foreground": "#c792ea"
            }
        },
        {
            "name": "Punctuation Definition String",
            "scope": "punctuation.definition.string",
            "settings": {
                "foreground": "#d9f5dd"
            }
        },
        {
            "name": "Boolean",
            "scope": "constant.language.boolean",
            "settings": {
                "foreground": "#ff5874"
            }
        },
        {
            "name": "Object Comma",
            "scope": "object.comma",
            "settings": {
                "foreground": "#ffffff"
            }
        },
        {
            "name": "Variable Parameter Function",
            "scope": "variable.parameter.function",
            "settings": {
                "foreground": "#89DDFF"
            }
        },
        {
            "name": "Support Type Property Name & entity name tags",
            "scope": [
                "support.type.vendored.property-name",
                "support.constant.vendored.property-value",
                "support.type.property-name",
                "meta.property-list entity.name.tag"
            ],
            "settings": {
                "foreground": "#80CBC4"
            }
        },
        {
            "name": "Entity Name tag reference in stylesheets",
            "scope": "meta.property-list entity.name.tag.reference",
            "settings": {
                "foreground": "#ff5572"
            }
        },
        {
            "name": "Constant Other Color RGB Value Punctuation Definition Constant",
            "scope": "constant.other.color.rgb-value punctuation.definition.constant",
            "settings": {
                "foreground": "#F78C6C"
            }
        },
        {
            "name": "Constant Other Color",
            "scope": "constant.other.color",
            "settings": {
                "foreground": "#FFEB95"
            }
        },
        {
            "name": "Keyword Other Unit",
            "scope": "keyword.other.unit",
            "settings": {
                "foreground": "#FFEB95"
            }
        },
        {
            "name": "Meta Selector",
            "scope": "meta.selector",
            "settings": {
                "foreground": "#c792ea"
            }
        },
        {
            "name": "Entity Other Attribute Name Id",
            "scope": "entity.other.attribute-name.id",
            "settings": {
                "foreground": "#FAD430"
            }
        },
        {
            "name": "Meta Property Name",
            "scope": "meta.property-name",
            "settings": {
                "foreground": "#80CBC4"
            }
        },
        {
            "name": "Doctypes",
            "scope": ["entity.name.tag.doctype", "meta.tag.sgml.doctype"],
            "settings": {
                "foreground": "#c792ea",
                "fontStyle": "italic"
            }
        },
        {
            "name": "Punctuation Definition Parameters",
            "scope": "punctuation.definition.parameters",
            "settings": {
                "foreground": "#d9f5dd"
            }
        },
        {
            "name": "Keyword Control Operator",
            "scope": "keyword.control.operator",
            "settings": {
                "foreground": "#89DDFF"
            }
        },
        {
            "name": "Keyword Operator Logical",
            "scope": "keyword.operator.logical",
            "settings": {
                "foreground": "#c792ea"
            }
        },
        {
            "name": "Variable Instances",
            "scope": [
                "variable.instance",
                "variable.other.instance",
                "variable.reaedwrite.instance",
                "variable.other.readwrite.instance"
            ],
            "settings": {
                "foreground": "#ff5572"
            }
        },
        {
            "name": "Variable Property Other",
            "scope": [
                "variable.other.property",
                "variable.other.object.property"
            ],
            "settings": {
                "foreground": "#89DDFF"
            }
        },
        {
            "name": "Entity Name Function",
            "scope": "entity.name.function",
            "settings": {
                "foreground": "#ffde82"
            }
        },
        {
            "name": "Keyword Operator Comparison",
            "scope": "keyword.operator.comparison",
            "settings": {
                "foreground": "#e0c5f1"
            }
        },
        {
            "name": "Support Constant, `new` keyword, Special Method Keyword",
            "scope": [
                "support.constant",
                "keyword.other.special-method",
                "keyword.other.new"
            ],
            "settings": {
                "foreground": "#89DDFF"
            }
        },
        {
            "name": "Support Function",
            "scope": "support.function",
            "settings": {
                "foreground": "#89DDFF"
            }
        },
        {
            "name": "Invalid Broken",
            "scope": "invalid.broken",
            "settings": {
                "foreground": "#020e14",
                "background": "#F78C6C"
            }
        },
        {
            "name": "Invalid Unimplemented",
            "scope": "invalid.unimplemented",
            "settings": {
                "background": "#8BD649",
                "foreground": "#ffffff"
            }
        },
        {
            "name": "Invalid Illegal",
            "scope": "invalid.illegal",
            "settings": {
                "foreground": "#ec5f67"
            }
        },
        {
            "name": "Language Variable",
            "scope": "variable.language",
            "settings": {
                "foreground": "#ff5572"
            }
        },
        {
            "name": "Support Variable Property",
            "scope": "support.variable.property",
            "settings": {
                "foreground": "#89DDFF"
            }
        },
        {
            "name": "Variable Function",
            "scope": "variable.function",
            "settings": {
                "foreground": "#82AAFF"
            }
        },
        {
            "name": "Variable Interpolation",
            "scope": "variable.interpolation",
            "settings": {
                "foreground": "#ec5f67"
            }
        },
        {
            "name": "Meta Function Call",
            "scope": "meta.function-call",
            "settings": {
                "foreground": "#82AAFF"
            }
        },
        {
            "name": "Punctuation Section Embedded",
            "scope": "punctuation.section.embedded",
            "settings": {
                "foreground": "#d3423e"
            }
        },
        {
            "name": "Punctuation Tweaks",
            "scope": [
                "punctuation.terminator.expression",
                "punctuation.definition.arguments",
                "punctuation.definition.array",
                "punctuation.section.array",
                "meta.array"
            ],
            "settings": {
                "foreground": "#bfc7d5"
            }
        },
        {
            "name": "More Punctuation Tweaks",
            "scope": [
                "punctuation.definition.list.begin",
                "punctuation.definition.list.end",
                "punctuation.separator.arguments",
                "punctuation.definition.list"
            ],
            "settings": {
                "foreground": "#d9f5dd"
            }
        },
        {
            "name": "Template Strings",
            "scope": "string.template meta.template.expression",
            "settings": {
                "foreground": "#ebd989"
            }
        },
        {
            "name": "Backtics(``) in Template Strings",
            "scope": "string.template punctuation.definition.string",
            "settings": {
                "foreground": "#bfc7d5"
            }
        },
        {
            "name": "Italics",
            "scope": "italic",
            "settings": {
                "foreground": "#c792ea",
                "fontStyle": "italic"
            }
        },
        {
            "name": "Bold",
            "scope": "bold",
            "settings": {
                "foreground": "#ffcb6b",
                "fontStyle": "bold"
            }
        },
        {
            "name": "Quote",
            "scope": "quote",
            "settings": {
                "foreground": "#697098",
                "fontStyle": "italic"
            }
        },
        {
            "name": "Raw Code",
            "scope": "raw",
            "settings": {
                "foreground": "#80CBC4"
            }
        },
        {
            "name": "CoffeScript Variable Assignment",
            "scope": "variable.assignment.coffee",
            "settings": {
                "foreground": "#89DDFF"
            }
        },
        {
            "name": "CoffeScript Parameter Function",
            "scope": "variable.parameter.function.coffee",
            "settings": {
                "foreground": "#bfc7d5"
            }
        },
        {
            "name": "CoffeeScript Assignments",
            "scope": "variable.assignment.coffee",
            "settings": {
                "foreground": "#89DDFF"
            }
        },
        {
            "name": "C# Readwrite Variables",
            "scope": "variable.other.readwrite.cs",
            "settings": {
                "foreground": "#bfc7d5"
            }
        },
        {
            "name": "C# Classes & Storage types",
            "scope": ["entity.name.type.class.cs", "storage.type.cs"],
            "settings": {
                "foreground": "#82AAFF"
            }
        },
        {
            "name": "C# Namespaces",
            "scope": "entity.name.type.namespace.cs",
            "settings": {
                "foreground": "#B2CCD6"
            }
        },
        {
            "name": "Tag names in Stylesheets",
            "scope": [
                "entity.name.tag.css",
                "entity.name.tag.less",
                "entity.name.tag.custom.css"
            ],
            "settings": {
                "foreground": "#ff5572"
            }
        },
        {
            "name": "Wildcard(*) selector in Stylesheets",
            "scope": [
                "entity.name.tag.wildcard.css",
                "entity.name.tag.wildcard.less",
                "entity.name.tag.wildcard.scss",
                "entity.name.tag.wildcard.sass"
            ],
            "settings": {
                "foreground": "#ff5572"
            }
        },
        {
            "name": "(C|SC|SA|LE)SS property value unit",
            "scope": [
                "keyword.other.unit.css",
                "constant.length.units.css",
                "keyword.other.unit.less",
                "constant.length.units.less",
                "keyword.other.unit.scss",
                "constant.length.units.scss",
                "keyword.other.unit.sass",
                "constant.length.units.sass"
            ],
            "settings": {
                "foreground": "#FFEB95"
            }
        },
        {
            "name": "Attribute Name for CSS",
            "scope": "meta.attribute-selector.css entity.other.attribute-name.attribute",
            "settings": {
                "foreground": "#F78C6C"
            }
        },
        {
            "name": "punctuations in styled components",
            "scope": [
                "source.js source.css meta.property-list",
                "source.js source.css punctuation.section",
                "source.js source.css punctuation.terminator.rule",
                "source.js source.css punctuation.definition.entity.end.bracket",
                "source.js source.css punctuation.definition.entity.begin.bracket",
                "source.js source.css punctuation.separator.key-value",
                "source.js source.css punctuation.definition.attribute-selector",
                "source.js source.css meta.property-list",
                "source.js source.css meta.property-list punctuation.separator.comma",
                "source.ts source.css punctuation.section",
                "source.ts source.css punctuation.terminator.rule",
                "source.ts source.css punctuation.definition.entity.end.bracket",
                "source.ts source.css punctuation.definition.entity.begin.bracket",
                "source.ts source.css punctuation.separator.key-value",
                "source.ts source.css punctuation.definition.attribute-selector",
                "source.ts source.css meta.property-list",
                "source.ts source.css meta.property-list punctuation.separator.comma"
            ],
            "settings": {
                "foreground": "#bfc7d5"
            }
        },
        {
            "name": "Elixir Classes",
            "scope": [
                "source.elixir support.type.elixir",
                "source.elixir meta.module.elixir entity.name.class.elixir"
            ],
            "settings": {
                "foreground": "#82AAFF"
            }
        },
        {
            "name": "Elixir Functions",
            "scope": "source.elixir entity.name.function",
            "settings": {
                "foreground": "#ffcb6b"
            }
        },
        {
            "name": "Elixir Constants",
            "scope": [
                "source.elixir constant.other.symbol.elixir",
                "source.elixir constant.other.keywords.elixir"
            ],
            "settings": {
                "foreground": "#82AAFF"
            }
        },
        {
            "name": "Elixir String Punctuations",
            "scope": "source.elixir punctuation.definition.string",
            "settings": {
                "foreground": "#a9c77d"
            }
        },
        {
            "name": "Elixir",
            "scope": [
                "source.elixir variable.other.readwrite.module.elixir",
                "source.elixir variable.other.readwrite.module.elixir punctuation.definition.variable.elixir"
            ],
            "settings": {
                "foreground": "#ffcb6b"
            }
        },
        {
            "name": "Elixir Binary Punctuations",
            "scope": "source.elixir .punctuation.binary.elixir",
            "settings": {
                "foreground": "#c792ea"
            }
        },
        {
            "name": "Go Function Calls",
            "scope": "source.go meta.function-call.go",
            "settings": {
                "foreground": "#DDDDDD"
            }
        },
        {
            "name": "GraphQL Variables",
            "scope": "variable.qraphql",
            "settings": {
                "foreground": "#bfc7d5"
            }
        },
        {
            "name": "ID Attribute Name in HTML",
            "scope": "entity.other.attribute-name.id.html",
            "settings": {
                "foreground": "#ffcb6b"
            }
        },
        {
            "name": "HTML Punctuation Definition Tag",
            "scope": "punctuation.definition.tag.html",
            "settings": {
                "foreground": "#89DDFF"
            }
        },
        {
            "name": "HTML Doctype",
            "scope": "meta.tag.sgml.doctype.html",
            "settings": {
                "foreground": "#c792ea",
                "fontStyle": "italic"
            }
        },
        {
            "name": "JavaScript Classes",
            "scope": [
                "meta.class entity.name.type.class.js",
                "meta.class entity.name.type.class.ts"
            ],
            "settings": {
                "foreground": "#ffcb8b"
            }
        },
        {
            "name": "JavaScript Method Declaration e.g. `constructor`",
            "scope": [
                "meta.method.declaration storage.type.js",
                "meta.method.declaration storage.type.ts"
            ],
            "settings": {
                "foreground": "#82AAFF",
                "fontStyle": ""
            }
        },
        {
            "name": "JavaScript Terminator",
            "scope": ["terminator.js", "terminator.ts"],
            "settings": {
                "foreground": "#bfc7d5"
            }
        },
        {
            "name": "JavaScript Meta Punctuation Definition",
            "scope": [
                "meta.js punctuation.definition.js",
                "meta.ts punctuation.definition.ts"
            ],
            "settings": {
                "foreground": "#bfc7d5"
            }
        },
        {
            "name": "Entity Names in Code Documentations",
            "scope": [
                "entity.name.type.instance.jsdoc",
                "entity.name.type.instance.tsdoc",
                "entity.name.type.instance.phpdoc"
            ],
            "settings": {
                "foreground": "#eeffff"
            }
        },
        {
            "name": "Other Variables in Code Documentations",
            "scope": [
                "variable.other.jsdoc",
                "variable.other.tsdoc",
                "variable.other.phpdoc"
            ],
            "settings": {
                "foreground": "#78ccf0"
            }
        },
        {
            "name": "JavaScript module imports and exports",
            "scope": [
                "variable.other.meta.import.js",
                "meta.import.js variable.other",
                "variable.other.meta.export.js",
                "meta.export.js variable.other",
                "variable.other.meta.import.ts",
                "meta.import.ts variable.other",
                "variable.other.meta.export.ts",
                "meta.export.ts variable.other"
            ],
            "settings": {
                "foreground": "#bfc7d5"
            }
        },
        {
            "name": "JavaScript Variable Parameter Function",
            "scope": [
                "variable.parameter.function.js",
                "variable.parameter.function.ts"
            ],
            "settings": {
                "foreground": "#4a5bdf"
            }
        },
        {
            "name": "JavaScript Variable Other ReadWrite",
            "scope": ["variable.other.readwrite.js"],
            "settings": {
                "foreground": "#bfc7d5"
            }
        },
        {
            "name": "Text nested in React tags",
            "scope": [
                "meta.jsx.children",
                "meta.jsx.children.js",
                "meta.jsx.children.tsx"
            ],
            "settings": {
                "foreground": "#bfc7d5"
            }
        },
        {
            "name": "JavaScript[React] Variable Other Object",
            "scope": [
                "variable.other.object",
                "meta.object-literal.key",
                "variable.object.property"
            ],
            "settings": {
                "foreground": "#a3e9e9"
            }
        },
        {
            "name": "JavaScript Variables",
            "scope": ["variable", "variable.other"],
            "settings": {
                "foreground": "#bfc7d5"
            }
        },
        {
            "name": "JavaScript Entity Name Type",
            "scope": ["entity.name.type", "entity.name.type.module"],
            "settings": {
                "foreground": "#ffcb8b"
            }
        },
        {
            "name": "JSON Property Names",
            "scope": "support.type.property-name.json",
            "settings": {
                "foreground": "#C3E88D",
                "fontStyle": ""
            }
        },
        {
            "name": "JSON Support Constants",
            "scope": "support.constant.json",
            "settings": {
                "foreground": "#ffcb6b"
            }
        },
        {
            "name": "JSON Property values (string)",
            "scope": "meta.structure.dictionary.value.json string.quoted.double",
            "settings": {
                "foreground": "#80CBC4",
                "fontStyle": ""
            }
        },
        {
            "name": "Strings in JSON values",
            "scope": "string.quoted.double.json punctuation.definition.string.json",
            "settings": {
                "foreground": "#80CBC4",
                "fontStyle": ""
            }
        },
        {
            "name": "Specific JSON Property values like null",
            "scope": "meta.structure.dictionary.json meta.structure.dictionary.value constant.language",
            "settings": {
                "foreground": "#ff5874"
            }
        },
        {
            "name": "Ruby Variables",
            "scope": "variable.other.ruby",
            "settings": {
                "foreground": "#bfc7d5"
            }
        },
        {
            "name": "Ruby Hashkeys",
            "scope": "constant.language.symbol.hashkey.ruby",
            "settings": {
                "foreground": "#89DDFF"
            }
        },
        {
            "name": "LESS Tag names",
            "scope": "entity.name.tag.less",
            "settings": {
                "foreground": "#ff5572"
            }
        },
        {
            "name": "Attribute Name for LESS",
            "scope": "meta.attribute-selector.less entity.other.attribute-name.attribute",
            "settings": {
                "foreground": "#F78C6C"
            }
        },
        {
            "name": "Markup Headings",
            "scope": "markup.heading",
            "settings": {
                "foreground": "#82b1ff"
            }
        },
        {
            "name": "Markup Italics",
            "scope": "markup.italic",
            "settings": {
                "foreground": "#c792ea",
                "fontStyle": "italic"
            }
        },
        {
            "name": "Markup Bold",
            "scope": "markup.bold",
            "settings": {
                "foreground": "#ffcb6b",
                "fontStyle": "bold"
            }
        },
        {
            "name": "Markup Quote + others",
            "scope": "markup.quote",
            "settings": {
                "foreground": "#697098",
                "fontStyle": "italic"
            }
        },
        {
            "name": "Markup Raw Code + others",
            "scope": "markup.inline.raw",
            "settings": {
                "foreground": "#80CBC4"
            }
        },
        {
            "name": "Markup Links",
            "scope": ["markup.underline.link", "markup.underline.link.image"],
            "settings": {
                "foreground": "#ff869a"
            }
        },
        {
            "name": "Markup Attributes",
            "scope": ["markup.meta.attribute-list"],
            "settings": {
                "foreground": "#a9c77d"
            }
        },
        {
            "name": "Markup Admonitions",
            "scope": "markup.admonition",
            "settings": {
                "fontStyle": "bold"
            }
        },
        {
            "name": "Markup Lists",
            "scope": "markup.list.bullet",
            "settings": {
                "foreground": "#D9F5DD"
            }
        },
        {
            "name": "Markup Superscript and Subscript",
            "scope": ["markup.superscript", "markup.subscript"],
            "settings": {
                "fontStyle": "italic"
            }
        },
        {
            "name": "Markdown Link Title and Description",
            "scope": [
                "string.other.link.title.markdown",
                "string.other.link.description.markdown"
            ],
            "settings": {
                "foreground": "#bfc7d5"
            }
        },
        {
            "name": "Markdown Punctuation",
            "scope": [
                "punctuation.definition.string.markdown",
                "punctuation.definition.string.begin.markdown",
                "punctuation.definition.string.end.markdown",
                "meta.link.inline.markdown punctuation.definition.string"
            ],
            "settings": {
                "foreground": "#82b1ff"
            }
        },
        {
            "name": "Markdown MetaData Punctuation",
            "scope": ["punctuation.definition.metadata.markdown"],
            "settings": {
                "foreground": "#ff5572"
            }
        },
        {
            "name": "Markdown List Punctuation",
            "scope": ["beginning.punctuation.definition.list.markdown"],
            "settings": {
                "foreground": "#82b1ff"
            }
        },
        {
            "name": "Asciidoc Function",
            "scope": "entity.name.function.asciidoc",
            "settings": {
                "foreground": "#F78C6C"
            }
        },
        {
            "name": "PHP Variables",
            "scope": "variable.other.php",
            "settings": {
                "foreground": "#bec5d4"
            }
        },
        {
            "name": "Support Classes in PHP",
            "scope": "support.class.php",
            "settings": {
                "foreground": "#ffcb8b"
            }
        },
        {
            "name": "Punctuations in PHP function calls",
            "scope": "meta.function-call.php punctuation",
            "settings": {
                "foreground": "#bfc7d5"
            }
        },
        {
            "name": "PHP Global Variables",
            "scope": "variable.other.global.php",
            "settings": {
                "foreground": "#ffcb6b"
            }
        },
        {
            "name": "Declaration Punctuation in PHP Global Variables",
            "scope": "variable.other.global.php punctuation.definition.variable",
            "settings": {
                "foreground": "#ffcb6b"
            }
        },
        {
            "name": "Language Constants in Python",
            "scope": "constant.language.python",
            "settings": {
                "foreground": "#ff5874"
            }
        },
        {
            "name": "Python Function Parameter and Arguments",
            "scope": [
                "variable.parameter.function.python",
                "meta.function-call.arguments.python"
            ],
            "settings": {
                "foreground": "#7986E7"
            }
        },
        {
            "name": "Python Function Call",
            "scope": [
                "meta.function-call.python",
                "meta.function-call.generic.python"
            ],
            "settings": {
                "foreground": "#B2CCD6"
            }
        },
        {
            "name": "Punctuations in Python",
            "scope": "punctuation.python",
            "settings": {
                "foreground": "#bfc7d5"
            }
        },
        {
            "name": "Decorator Functions in Python",
            "scope": "entity.name.function.decorator.python",
            "settings": {
                "foreground": "#ffcb6b"
            }
        },
        {
            "name": "Python Language Variable",
            "scope": "source.python variable.language.special",
            "settings": {
                "foreground": "#8EACE3"
            }
        },
        {
            "name": "SCSS Variable",
            "scope": [
                "variable.scss",
                "variable.sass",
                "variable.parameter.url.scss",
                "variable.parameter.url.sass"
            ],
            "settings": {
                "foreground": "#DDDDDD"
            }
        },
        {
            "name": "Variables in SASS At-Rules",
            "scope": [
                "source.css.scss meta.at-rule variable",
                "source.css.sass meta.at-rule variable"
            ],
            "settings": {
                "foreground": "#82AAFF"
            }
        },
        {
            "name": "Variables in SASS At-Rules",
            "scope": [
                "source.css.scss meta.at-rule variable",
                "source.css.sass meta.at-rule variable"
            ],
            "settings": {
                "foreground": "#bec5d4"
            }
        },
        {
            "name": "Attribute Name for SASS",
            "scope": [
                "meta.attribute-selector.scss entity.other.attribute-name.attribute",
                "meta.attribute-selector.sass entity.other.attribute-name.attribute"
            ],
            "settings": {
                "foreground": "#F78C6C"
            }
        },
        {
            "name": "Tag names in SASS",
            "scope": ["entity.name.tag.scss", "entity.name.tag.sass"],
            "settings": {
                "foreground": "#ff5572"
            }
        },
        {
            "name": "TypeScript[React] Variables and Object Properties",
            "scope": [
                "variable.other.readwrite.alias.ts",
                "variable.other.readwrite.alias.tsx",
                "variable.other.readwrite.ts",
                "variable.other.readwrite.tsx",
                "variable.other.object.ts",
                "variable.other.object.tsx",
                "variable.object.property.ts",
                "variable.object.property.tsx",
                "variable.other.ts",
                "variable.other.tsx",
                "variable.tsx",
                "variable.ts"
            ],
            "settings": {
                "foreground": "#a2c1f7"
            }
        },
        {
            "name": "TypeScript[React] Entity Name Types",
            "scope": ["entity.name.type.ts", "entity.name.type.tsx"],
            "settings": {
                "foreground": "#78ccf0"
            }
        },
        {
            "name": "TypeScript[React] Node Classes",
            "scope": ["support.class.node.ts", "support.class.node.tsx"],
            "settings": {
                "foreground": "#82AAFF"
            }
        },
        {
            "name": "TypeScript[React] Entity Name Types as Parameters",
            "scope": [
                "meta.type.parameters.ts entity.name.type",
                "meta.type.parameters.tsx entity.name.type"
            ],
            "settings": {
                "foreground": "#eeffff"
            }
        },
        {
            "name": "TypeScript[React] Import/Export Punctuations",
            "scope": [
                "meta.import.ts punctuation.definition.block",
                "meta.import.tsx punctuation.definition.block",
                "meta.export.ts punctuation.definition.block",
                "meta.export.tsx punctuation.definition.block"
            ],
            "settings": {
                "foreground": "#bfc7d5"
            }
        },
        {
            "name": "TypeScript[React] Punctuation Decorators",
            "scope": [
                "meta.decorator punctuation.decorator.ts",
                "meta.decorator punctuation.decorator.tsx"
            ],
            "settings": {
                "foreground": "#82AAFF"
            }
        },
        {
            "name": "TypeScript[React] Punctuation Decorators",
            "scope": "meta.tag meta.jsx.children.tsx",
            "settings": {
                "foreground": "#82AAFF"
            }
        },
        {
            "name": "YAML Entity Name Tags",
            "scope": "entity.name.tag.yaml",
            "settings": {
                "foreground": "#89DDFF"
            }
        },
        {
            "name": "handlebars variables",
            "scope": "variable.parameter.handlebars",
            "settings": {
                "foreground": "#bec5d4"
            }
        },
        {
            "name": "handlebars parameters",
            "scope": "entity.other.attribute-name.handlebars variable.parameter.handlebars",
            "settings": {
                "foreground": "#ffcb6b"
            }
        },
        {
            "name": "handlebars enitity attribute names",
            "scope": "entity.other.attribute-name.handlebars",
            "settings": {
                "foreground": "#89DDFF"
            }
        },
        {
            "name": "handlebars enitity attribute values",
            "scope": "entity.other.attribute-value.handlebars variable.parameter.handlebars",
            "settings": {
                "foreground": "#7986E7"
            }
        },
        {
            "name": "normalize font style of certain components",
            "scope": [
                "meta.tag meta.embedded.expression punctuation.section.embedded.begin",
                "meta.tag meta.embedded.expression punctuation.section.embedded.end",
                "meta.property-list.css meta.property-value.css variable.other.less",
                "punctuation.section.embedded.begin",
                "punctuation.section.embedded.end",
                "meta.property-list.scss variable.scss",
                "meta.property-list.sass variable.sass",
                "keyword.operator.logical",
                "keyword.operator.arithmetic",
                "keyword.operator.bitwise",
                "keyword.operator.increment",
                "keyword.operator.ternary",
                "keyword.operator.comparison",
                "keyword.operator.assignment",
                "keyword.operator.operator",
                "keyword.operator.or.regexp",
                "keyword.operator.expression.in",
                "keyword.operator.type",
                "punctuation.section.embedded",
                "punctuation.definintion.string",
                "punctuation"
            ],
            "settings": {
                "fontStyle": ""
            }
        },
        {
            "name": "italicsify certain tokens",
            "scope": [
                "keyword.other.unit",
                "support.type.primitive",
                "entity.other.attribute-name",
                "entity.name.tag.custom",
                "source keyword.control.flow",
                "support.type.property.css",
                "support.function.basic_functions",
                "variable.assignment.coffee",
                "support.function.basic_functions",
                "punctuation.section.embedded",
                "assignment.coffee",
                "italic",
                "quote",
                "type .function",
                "type.function",
                "storage.type.class",
                "keyword.control",
                "modifier",
                "this",
                "constant.language.boolean",
                "keyword.operator.new"
            ],
            "settings": {
                "fontStyle": "italic"
            }
        },
        {
            "name": "Dialog Flag Set",
            "scope": "variable.other.flag.set.dialog",
            "settings": {
                "foreground": "#91df64"
            }
        },
        {
            "name": "Dialog Flag Clear",
            "scope": "variable.other.flag.clear.dialog",
            "settings": {
                "foreground": "#e4616a"
            }
        }
    ]
}
